{"auc_roc": 0.88415626695605, "f1_score": 0.8447412353923206, "iou": 0.7312138728323699, "num_samples": 538}