{"auc_roc": 0.8795720466908746, "f1_score": 0.798611111111111, "iou": 0.6647398843930635, "num_samples": 538}