{"auc_roc": 0.8472529460049807, "f1_score": 0.753623188405797, "iou": 0.6046511627906976, "num_samples": 538}