{"auc_roc": 0.8279769606410952, "f1_score": 0.7561837455830389, "iou": 0.6079545454545454, "num_samples": 538}