{"auc_roc": 0.8667097959013315, "f1_score": 0.7893805309734513, "iou": 0.652046783625731, "num_samples": 538}