{"auc_roc": 0.8782433880100727, "f1_score": 0.7877697841726619, "iou": 0.6498516320474778, "num_samples": 538}