{"auc_roc": 0.837534955549063, "f1_score": 0.7597955706984667, "iou": 0.6126373626373627, "num_samples": 538}