{"auc_roc": 0.8580978616247199, "f1_score": 0.7937608318890815, "iou": 0.6580459770114943, "num_samples": 538}