{"auc_roc": 0.8734922158687758, "f1_score": 0.806282722513089, "iou": 0.6754385964912281, "num_samples": 538}