{"auc_roc": 0.8663689358209163, "f1_score": 0.7887323943661972, "iou": 0.6511627906976745, "num_samples": 538}