{"auc_roc": 0.8253257665094339, "f1_score": 0.6854865493191631, "iou": 0.5214754926730673, "num_samples": 3672}