{"auc_roc": 0.7817755830712788, "f1_score": 0.6417347580138278, "iou": 0.4724664507172605, "num_samples": 3672}