{"auc_roc": 0.8711001375786163, "f1_score": 0.7272727272727273, "iou": 0.5714285714285714, "num_samples": 3672}