{"auc_roc": 0.8759678000524109, "f1_score": 0.7309608540925266, "iou": 0.5759955131800336, "num_samples": 3672}