{"auc_roc": 0.8764098532494757, "f1_score": 0.734479130129779, "iou": 0.5803769401330376, "num_samples": 3672}