{"auc_roc": 0.8846237879979035, "f1_score": 0.7419689119170985, "iou": 0.5897858319604613, "num_samples": 3672}