{"auc_roc": 0.8738314006813417, "f1_score": 0.7262969588550984, "iou": 0.5702247191011236, "num_samples": 3672}