{"auc_roc": 0.7360254520440251, "f1_score": 0.5984516997643892, "iou": 0.42699327569644574, "num_samples": 3672}