{"auc_roc": 0.8870133975366876, "f1_score": 0.7524956970740104, "iou": 0.6032008830022075, "num_samples": 3672}