{"auc_roc": 0.8795735062893082, "f1_score": 0.7392969021928298, "iou": 0.586416344561016, "num_samples": 3672}