{"auc_roc": 0.8422405660377359, "f1_score": 0.7058823529411764, "iou": 0.5454545454545454, "num_samples": 3060}