{"auc_roc": 0.8078405660377359, "f1_score": 0.6728323699421965, "iou": 0.5069686411149826, "num_samples": 3060}