{"auc_roc": 0.7923884433962264, "f1_score": 0.6567164179104479, "iou": 0.4888888888888889, "num_samples": 3060}