{"auc_roc": 0.8082588443396226, "f1_score": 0.6713346064078082, "iou": 0.5052698818268924, "num_samples": 6120}