{"auc_roc": 0.8878474056603773, "f1_score": 0.7483365949119375, "iou": 0.5978736710444027, "num_samples": 3060}