{"auc_roc": 0.8906778301886792, "f1_score": 0.7614716825134353, "iou": 0.6148197596795728, "num_samples": 3060}