{"auc_roc": 0.8887707547169812, "f1_score": 0.7566899958830794, "iou": 0.6086092715231788, "num_samples": 3060}