{"auc_roc": 0.873555896226415, "f1_score": 0.738115095913261, "iou": 0.5849306014540647, "num_samples": 3060}