{"auc_roc": 0.8853818396226414, "f1_score": 0.7529215358931552, "iou": 0.6037483266398929, "num_samples": 3060}