{"auc_roc": 0.7356535377358491, "f1_score": 0.57529463116543, "iou": 0.40379901960784315, "num_samples": 3060}