{"auc_roc": 0.887477358490566, "f1_score": 0.750206782464847, "iou": 0.600264725347452, "num_samples": 3060}