{"auc_roc": 0.8925143867924529, "f1_score": 0.7518734388009991, "iou": 0.6024016010673783, "num_samples": 3060}