{"auc_roc": 0.7388915094339622, "f1_score": 0.5529953917050691, "iou": 0.3821656050955414, "num_samples": 306}