{"auc_roc": 0.893632075471698, "f1_score": 0.7626459143968872, "iou": 0.6163522012578616, "num_samples": 306}