{"auc_roc": 0.8869811320754717, "f1_score": 0.7596899224806201, "iou": 0.6125, "num_samples": 306}