{"auc_roc": 0.8965330188679245, "f1_score": 0.7551867219917012, "iou": 0.6066666666666667, "num_samples": 306}