{"auc_roc": 0.6433490566037736, "f1_score": 0.5258620689655172, "iou": 0.3567251461988304, "num_samples": 306}