{"auc_roc": 0.8484198113207547, "f1_score": 0.5760869565217391, "iou": 0.40458015267175573, "num_samples": 306}