{"auc_roc": 0.7043396226415095, "f1_score": 0.5666666666666667, "iou": 0.3953488372093023, "num_samples": 306}