{"auc_roc": 0.8809905660377358, "f1_score": 0.754863813229572, "iou": 0.60625, "num_samples": 306}