{"auc_roc": 0.8880188679245283, "f1_score": 0.7685950413223139, "iou": 0.6241610738255033, "num_samples": 306}