{"auc_roc": 0.9075471698113208, "f1_score": 0.7851239669421488, "iou": 0.6462585034013606, "num_samples": 306}