{"auc_roc": 0.8901179245283019, "f1_score": 0.7540983606557377, "iou": 0.6052631578947368, "num_samples": 306}