{"auc_roc": 0.8627358490566038, "f1_score": 0.7295081967213114, "iou": 0.5741935483870968, "num_samples": 306}