{"auc_roc": 0.9078301886792453, "f1_score": 0.7686274509803922, "iou": 0.6242038216560509, "num_samples": 306}