{"auc_roc": 0.8637028301886793, "f1_score": 0.6903553299492386, "iou": 0.5271317829457365, "num_samples": 306}