{"auc_roc": 0.9065094339622641, "f1_score": 0.7642276422764227, "iou": 0.618421052631579, "num_samples": 306}