{"auc_roc": 0.8986084905660376, "f1_score": 0.76, "iou": 0.6129032258064516, "num_samples": 306}