{"auc_roc": 0.8747641509433962, "f1_score": 0.7627118644067797, "iou": 0.6164383561643836, "num_samples": 306}