{"auc_roc": 0.8866273584905661, "f1_score": 0.7426160337552742, "iou": 0.5906040268456376, "num_samples": 306}