{"auc_roc": 0.8926179245283019, "f1_score": 0.7583333333333333, "iou": 0.610738255033557, "num_samples": 306}