{"auc_roc": 0.9099056603773585, "f1_score": 0.7755102040816326, "iou": 0.6333333333333333, "num_samples": 306}