{"auc_roc": 0.8804716981132076, "f1_score": 0.73015873015873, "iou": 0.575, "num_samples": 306}