{"auc_roc": 0.8991037735849057, "f1_score": 0.7704918032786885, "iou": 0.6266666666666667, "num_samples": 306}