{"auc_roc": 0.8976415094339623, "f1_score": 0.7964601769911505, "iou": 0.6617647058823529, "num_samples": 306}