{"auc_roc": 0.8887735849056604, "f1_score": 0.7222222222222222, "iou": 0.5652173913043478, "num_samples": 306}