{"auc_roc": 0.8103301886792452, "f1_score": 0.6388888888888888, "iou": 0.46938775510204084, "num_samples": 306}