{"auc_roc": 0.8873584905660377, "f1_score": 0.736842105263158, "iou": 0.5833333333333334, "num_samples": 306}