{"auc_roc": 0.8951886792452829, "f1_score": 0.7918367346938776, "iou": 0.6554054054054054, "num_samples": 306}