{"auc_roc": 0.9135141509433962, "f1_score": 0.7949790794979079, "iou": 0.6597222222222222, "num_samples": 306}