{"auc_roc": 0.9170047169811321, "f1_score": 0.7786885245901639, "iou": 0.6375838926174496, "num_samples": 306}