{"auc_roc": 0.8867452830188679, "f1_score": 0.7510548523206751, "iou": 0.6013513513513513, "num_samples": 306}