{"auc_roc": 0.9014386792452831, "f1_score": 0.7705627705627706, "iou": 0.6267605633802817, "num_samples": 306}