{"auc_roc": 0.861627358490566, "f1_score": 0.7017543859649122, "iou": 0.5405405405405406, "num_samples": 306}