{"auc_roc": 0.8938679245283019, "f1_score": 0.7435897435897436, "iou": 0.5918367346938775, "num_samples": 306}