{"auc_roc": 0.8899056603773585, "f1_score": 0.7500000000000001, "iou": 0.6, "num_samples": 306}