{"auc_roc": 0.8761320754716981, "f1_score": 0.7438016528925621, "iou": 0.5921052631578947, "num_samples": 306}