{"auc_roc": 0.7876415094339623, "f1_score": 0.6057692307692308, "iou": 0.43448275862068964, "num_samples": 306}