{"auc_roc": 0.8294575471698112, "f1_score": 0.6470588235294118, "iou": 0.4782608695652174, "num_samples": 306}