{"auc_roc": 0.7126179245283019, "f1_score": 0.48148148148148145, "iou": 0.3170731707317073, "num_samples": 306}