{"auc_roc": 0.8370754716981132, "f1_score": 0.6752136752136751, "iou": 0.5096774193548387, "num_samples": 306}