{"auc_roc": 0.886745283018868, "f1_score": 0.752, "iou": 0.6025641025641025, "num_samples": 306}