{"auc_roc": 0.8737028301886792, "f1_score": 0.774468085106383, "iou": 0.6319444444444444, "num_samples": 306}