{"auc_roc": 0.8494575471698114, "f1_score": 0.6504854368932038, "iou": 0.48201438848920863, "num_samples": 306}