{"auc_roc": 0.7062264150943397, "f1_score": 0.5238095238095238, "iou": 0.3548387096774194, "num_samples": 306}