{"auc_roc": 0.8633962264150943, "f1_score": 0.6494845360824741, "iou": 0.48091603053435117, "num_samples": 306}