{"auc_roc": 0.8897169811320755, "f1_score": 0.7489711934156379, "iou": 0.5986842105263158, "num_samples": 306}