{"auc_roc": 0.8910849056603773, "f1_score": 0.736, "iou": 0.5822784810126582, "num_samples": 306}