{"auc_roc": 0.8899528301886793, "f1_score": 0.7419354838709677, "iou": 0.5897435897435898, "num_samples": 306}