{"auc_roc": 0.8983018867924528, "f1_score": 0.759493670886076, "iou": 0.6122448979591837, "num_samples": 306}