{"auc_roc": 0.8533018867924529, "f1_score": 0.6326530612244898, "iou": 0.4626865671641791, "num_samples": 306}