{"auc_roc": 0.7588679245283019, "f1_score": 0.5743589743589743, "iou": 0.4028776978417266, "num_samples": 306}