{"auc_roc": 0.8927830188679244, "f1_score": 0.7572016460905351, "iou": 0.609271523178808, "num_samples": 306}