{"auc_roc": 0.8995518867924528, "f1_score": 0.7717842323651452, "iou": 0.6283783783783784, "num_samples": 306}