{"auc_roc": 0.875990566037736, "f1_score": 0.7217391304347825, "iou": 0.564625850340136, "num_samples": 306}