{"auc_roc": 0.8904245283018868, "f1_score": 0.7450980392156863, "iou": 0.59375, "num_samples": 306}