{"auc_roc": 0.8066981132075471, "f1_score": 0.6243386243386243, "iou": 0.45384615384615384, "num_samples": 306}