{"auc_roc": 0.8877830188679245, "f1_score": 0.7510204081632652, "iou": 0.6013071895424836, "num_samples": 306}