{"auc_roc": 0.8791981132075471, "f1_score": 0.7351778656126483, "iou": 0.58125, "num_samples": 306}