{"auc_roc": 0.879811320754717, "f1_score": 0.7698744769874477, "iou": 0.6258503401360545, "num_samples": 306}