{"auc_roc": 0.889811320754717, "f1_score": 0.74235807860262, "iou": 0.5902777777777778, "num_samples": 306}