{"auc_roc": 0.8911556603773585, "f1_score": 0.7679999999999999, "iou": 0.6233766233766234, "num_samples": 306}