{"auc_roc": 0.9014858490566038, "f1_score": 0.7710843373493975, "iou": 0.6274509803921569, "num_samples": 306}