{"auc_roc": 0.8815330188679247, "f1_score": 0.7586206896551724, "iou": 0.6111111111111112, "num_samples": 306}