{"auc_roc": 0.8892688679245284, "f1_score": 0.7654320987654322, "iou": 0.62, "num_samples": 306}