{"auc_roc": 0.5561792452830189, "f1_score": 0.4622222222222222, "iou": 0.30057803468208094, "num_samples": 306}