{"auc_roc": 0.8988915094339623, "f1_score": 0.7416666666666667, "iou": 0.5894039735099338, "num_samples": 306}