{"auc_roc": 0.8850235849056605, "f1_score": 0.7634854771784232, "iou": 0.6174496644295302, "num_samples": 306}