{"auc_roc": 0.8973349056603773, "f1_score": 0.7666666666666666, "iou": 0.6216216216216216, "num_samples": 306}