{"auc_roc": 0.6842452830188679, "f1_score": 0.5587301587301587, "iou": 0.3876651982378855, "num_samples": 306}