{"auc_roc": 0.8965566037735849, "f1_score": 0.7622950819672131, "iou": 0.6158940397350994, "num_samples": 306}