{"auc_roc": 0.873938679245283, "f1_score": 0.7522123893805309, "iou": 0.6028368794326241, "num_samples": 306}