{"auc_roc": 0.8857547169811321, "f1_score": 0.7468879668049793, "iou": 0.5960264900662252, "num_samples": 306}