{"auc_roc": 0.6971698113207547, "f1_score": 0.5485714285714286, "iou": 0.3779527559055118, "num_samples": 306}