{"auc_roc": 0.6662028301886794, "f1_score": 0.5277777777777779, "iou": 0.3584905660377358, "num_samples": 306}