{"auc_roc": 0.8965330188679244, "f1_score": 0.7782426778242679, "iou": 0.636986301369863, "num_samples": 306}