{"auc_roc": 0.38589622641509436, "f1_score": 0.3701657458563536, "iou": 0.2271186440677966, "num_samples": 306}