{"auc_roc": 0.7915801886792454, "f1_score": 0.6390977443609023, "iou": 0.4696132596685083, "num_samples": 306}