{"auc_roc": 0.8617688679245282, "f1_score": 0.6170212765957447, "iou": 0.4461538461538462, "num_samples": 306}