{"auc_roc": 0.8881603773584906, "f1_score": 0.7479674796747967, "iou": 0.5974025974025974, "num_samples": 306}