{"auc_roc": 0.8797169811320755, "f1_score": 0.7256637168141593, "iou": 0.5694444444444444, "num_samples": 306}