{"auc_roc": 0.8929245283018868, "f1_score": 0.7325102880658436, "iou": 0.577922077922078, "num_samples": 306}