{"auc_roc": 0.8980424528301887, "f1_score": 0.751937984496124, "iou": 0.6024844720496895, "num_samples": 306}