{"auc_roc": 0.779056603773585, "f1_score": 0.5816326530612245, "iou": 0.41007194244604317, "num_samples": 306}