{"auc_roc": 0.7952358490566038, "f1_score": 0.6146788990825687, "iou": 0.44370860927152317, "num_samples": 306}