{"auc_roc": 0.9155424528301886, "f1_score": 0.7490347490347491, "iou": 0.5987654320987654, "num_samples": 306}