{"auc_roc": 0.7901415094339623, "f1_score": 0.6419753086419753, "iou": 0.4727272727272727, "num_samples": 306}