{"auc_roc": 0.9047877358490567, "f1_score": 0.7833333333333334, "iou": 0.6438356164383562, "num_samples": 306}