{"auc_roc": 0.8895283018867924, "f1_score": 0.7085201793721974, "iou": 0.5486111111111112, "num_samples": 306}