{"auc_roc": 0.41292452830188675, "f1_score": 0.37538461538461537, "iou": 0.23106060606060605, "num_samples": 306}