{"auc_roc": 0.9045283018867923, "f1_score": 0.7679324894514769, "iou": 0.6232876712328768, "num_samples": 306}