{"auc_roc": 0.8958254716981132, "f1_score": 0.7426160337552742, "iou": 0.5906040268456376, "num_samples": 306}