{"auc_roc": 0.9031132075471698, "f1_score": 0.7489361702127659, "iou": 0.5986394557823129, "num_samples": 306}