{"auc_roc": 0.8927594339622642, "f1_score": 0.774703557312253, "iou": 0.632258064516129, "num_samples": 306}