{"auc_roc": 0.8733254716981133, "f1_score": 0.735930735930736, "iou": 0.5821917808219178, "num_samples": 306}