{"auc_roc": 0.8862264150943396, "f1_score": 0.7410358565737052, "iou": 0.5886075949367089, "num_samples": 306}