{"auc_roc": 0.8017216981132076, "f1_score": 0.6449511400651465, "iou": 0.47596153846153844, "num_samples": 306}