{"auc_roc": 0.8666745283018868, "f1_score": 0.7115384615384615, "iou": 0.5522388059701493, "num_samples": 306}