{"auc_roc": 0.8910141509433962, "f1_score": 0.7377049180327868, "iou": 0.5844155844155844, "num_samples": 306}