{"auc_roc": 0.9137971698113208, "f1_score": 0.7848101265822783, "iou": 0.6458333333333334, "num_samples": 306}