{"auc_roc": 0.8221933962264151, "f1_score": 0.6666666666666666, "iou": 0.5, "num_samples": 306}