{"auc_roc": 0.8949528301886792, "f1_score": 0.7642276422764227, "iou": 0.618421052631579, "num_samples": 306}