{"auc_roc": 0.8951415094339623, "f1_score": 0.7796610169491526, "iou": 0.6388888888888888, "num_samples": 306}