{"auc_roc": 0.8925235849056603, "f1_score": 0.7578125, "iou": 0.610062893081761, "num_samples": 306}