{"auc_roc": 0.8888443396226415, "f1_score": 0.7432950191570882, "iou": 0.5914634146341463, "num_samples": 306}