{"auc_roc": 0.870188679245283, "f1_score": 0.7121212121212119, "iou": 0.5529411764705883, "num_samples": 306}