{"auc_roc": 0.8936792452830189, "f1_score": 0.7603305785123967, "iou": 0.6133333333333333, "num_samples": 306}