{"auc_roc": 0.8516745283018867, "f1_score": 0.704225352112676, "iou": 0.5434782608695652, "num_samples": 306}