{"auc_roc": 0.9010141509433962, "f1_score": 0.7466666666666667, "iou": 0.5957446808510638, "num_samples": 306}