{"auc_roc": 0.7725000000000001, "f1_score": 0.5470852017937221, "iou": 0.3765432098765432, "num_samples": 306}