{"auc_roc": 0.9007311320754717, "f1_score": 0.7723577235772359, "iou": 0.6291390728476821, "num_samples": 306}