{"auc_roc": 0.9066509433962264, "f1_score": 0.7560975609756098, "iou": 0.6078431372549019, "num_samples": 306}