{"auc_roc": 0.8610425449030983, "f1_score": 0.7882496940024482, "iou": 0.6505050505050505, "num_samples": 5380}